{
  "image": "assets/map.png",
  "bounds": {
    "north": -23.585112140317513,
    "south": -23.58696598982965,
    "west": -47.622799623408596,
    "east": -47.62122141162422
  },
  "analysisRectangle": {
    "north": -23.585112140317513,
    "south": -23.58696598982965,
    "west": -47.622799623408596,
    "east": -47.62122141162422
  }
}
